id,class_num
test_0000.jpg,0
test_0001.jpg,3
test_0002.jpg,0
test_0003.jpg,3
test_0004.jpg,0
test_0005.jpg,0
test_0006.jpg,0
test_0007.jpg,2
test_0008.jpg,3
test_0009.jpg,3
test_0010.jpg,0
test_0011.jpg,3
test_0012.jpg,0
test_0013.jpg,0
test_0014.jpg,0
test_0015.jpg,0
test_0016.jpg,0
test_0017.jpg,0
test_0018.jpg,1
test_0019.jpg,2
test_0020.jpg,3
test_0021.jpg,0
test_0022.jpg,2
test_0023.jpg,3
test_0024.jpg,0
test_0025.jpg,2
test_0026.jpg,3
test_0027.jpg,0
test_0028.jpg,2
test_0029.jpg,0
test_0030.jpg,0
test_0031.jpg,1
test_0032.jpg,0
test_0033.jpg,3
test_0034.jpg,0
test_0035.jpg,0
test_0036.jpg,2
test_0037.jpg,2
test_0038.jpg,0
test_0039.jpg,0
test_0040.jpg,2
test_0041.jpg,0
test_0042.jpg,0
test_0043.jpg,3
test_0044.jpg,2
test_0045.jpg,1
test_0046.jpg,0
test_0047.jpg,0
test_0048.jpg,0
test_0049.jpg,3
test_0050.jpg,0
test_0051.jpg,0
test_0052.jpg,3
test_0053.jpg,1
test_0054.jpg,0
test_0055.jpg,3
test_0056.jpg,0
test_0057.jpg,0
test_0058.jpg,0
test_0059.jpg,1
test_0060.jpg,3
test_0061.jpg,0
test_0062.jpg,0
test_0063.jpg,0
test_0064.jpg,0
test_0065.jpg,3
test_0066.jpg,2
test_0067.jpg,0
test_0068.jpg,0
test_0069.jpg,2
test_0070.jpg,3
test_0071.jpg,3
test_0072.jpg,0
test_0073.jpg,0
test_0074.jpg,0
test_0075.jpg,0
test_0076.jpg,0
test_0077.jpg,1
test_0078.jpg,1
test_0079.jpg,0
test_0080.jpg,2
test_0081.jpg,0
test_0082.jpg,0
test_0083.jpg,0
test_0084.jpg,0
test_0085.jpg,3
test_0086.jpg,1
test_0087.jpg,2
test_0088.jpg,1
test_0089.jpg,3
test_0090.jpg,0
test_0091.jpg,3
test_0092.jpg,0
test_0093.jpg,0
test_0094.jpg,0
test_0095.jpg,0
test_0096.jpg,1
test_0097.jpg,0
test_0098.jpg,0
test_0099.jpg,0
test_0100.jpg,0
test_0101.jpg,3
test_0102.jpg,0
test_0103.jpg,1
test_0104.jpg,0
test_0105.jpg,2
test_0106.jpg,0
test_0107.jpg,3
test_0108.jpg,1
test_0109.jpg,0
test_0110.jpg,2
test_0111.jpg,3
test_0112.jpg,2
test_0113.jpg,0
test_0114.jpg,0
test_0115.jpg,3
test_0116.jpg,3
test_0117.jpg,0
test_0118.jpg,1
test_0119.jpg,0
test_0120.jpg,3
test_0121.jpg,3
test_0122.jpg,3
test_0123.jpg,1
test_0124.jpg,0
test_0125.jpg,2
test_0126.jpg,3
test_0127.jpg,3
test_0128.jpg,3
test_0129.jpg,2
test_0130.jpg,0
test_0131.jpg,0
test_0132.jpg,2
test_0133.jpg,0
test_0134.jpg,1
test_0135.jpg,0
test_0136.jpg,0
test_0137.jpg,0
test_0138.jpg,1
test_0139.jpg,2
test_0140.jpg,2
test_0141.jpg,3
test_0142.jpg,0
test_0143.jpg,3
test_0144.jpg,3
test_0145.jpg,0
test_0146.jpg,1
test_0147.jpg,1
test_0148.jpg,0
test_0149.jpg,1
test_0150.jpg,0
test_0151.jpg,3
test_0152.jpg,2
test_0153.jpg,0
test_0154.jpg,2
test_0155.jpg,3
test_0156.jpg,0
test_0157.jpg,0
test_0158.jpg,0
test_0159.jpg,0
test_0160.jpg,3
test_0161.jpg,0
test_0162.jpg,0
test_0163.jpg,0
test_0164.jpg,3
test_0165.jpg,0
test_0166.jpg,0
test_0167.jpg,0
test_0168.jpg,0
test_0169.jpg,1
test_0170.jpg,0
test_0171.jpg,0
test_0172.jpg,0
test_0173.jpg,0
test_0174.jpg,1
test_0175.jpg,2
test_0176.jpg,1
test_0177.jpg,0
test_0178.jpg,3
test_0179.jpg,0
test_0180.jpg,0
test_0181.jpg,2
test_0182.jpg,3
test_0183.jpg,0
test_0184.jpg,0
test_0185.jpg,0
test_0186.jpg,0
test_0187.jpg,3
test_0188.jpg,1
test_0189.jpg,1
test_0190.jpg,0
test_0191.jpg,0
test_0192.jpg,1
test_0193.jpg,2
test_0194.jpg,3
test_0195.jpg,0
test_0196.jpg,2
test_0197.jpg,1
test_0198.jpg,1
test_0199.jpg,0
test_0200.jpg,0
test_0201.jpg,3
test_0202.jpg,2
test_0203.jpg,3
test_0204.jpg,0
test_0205.jpg,0
test_0206.jpg,1
test_0207.jpg,1
test_0208.jpg,2
test_0209.jpg,3
test_0210.jpg,3
test_0211.jpg,1
test_0212.jpg,0
test_0213.jpg,0
test_0214.jpg,3
test_0215.jpg,0
test_0216.jpg,2
test_0217.jpg,0
test_0218.jpg,1
test_0219.jpg,1
test_0220.jpg,0
test_0221.jpg,3
test_0222.jpg,0
test_0223.jpg,0
test_0224.jpg,3
test_0225.jpg,3
test_0226.jpg,1
test_0227.jpg,3
test_0228.jpg,3
test_0229.jpg,0
test_0230.jpg,2
test_0231.jpg,1
test_0232.jpg,0
test_0233.jpg,0
test_0234.jpg,2
test_0235.jpg,3
test_0236.jpg,0
test_0237.jpg,1
test_0238.jpg,2
test_0239.jpg,2
test_0240.jpg,3
test_0241.jpg,2
test_0242.jpg,0
test_0243.jpg,3
test_0244.jpg,0
test_0245.jpg,1
test_0246.jpg,0
test_0247.jpg,0
test_0248.jpg,3
test_0249.jpg,0
test_0250.jpg,0
test_0251.jpg,2
test_0252.jpg,3
test_0253.jpg,2
test_0254.jpg,3
test_0255.jpg,1
test_0256.jpg,2
test_0257.jpg,0
test_0258.jpg,0
test_0259.jpg,3
test_0260.jpg,1
test_0261.jpg,1
test_0262.jpg,3
test_0263.jpg,1
test_0264.jpg,0
test_0265.jpg,0
test_0266.jpg,0
test_0267.jpg,0
test_0268.jpg,2
test_0269.jpg,2
test_0270.jpg,2
test_0271.jpg,0
test_0272.jpg,0
test_0273.jpg,0
test_0274.jpg,0
test_0275.jpg,2
test_0276.jpg,0
test_0277.jpg,1
test_0278.jpg,0
test_0279.jpg,3
test_0280.jpg,3
test_0281.jpg,2
test_0282.jpg,1
test_0283.jpg,1
test_0284.jpg,1
test_0285.jpg,1
test_0286.jpg,0
test_0287.jpg,0
test_0288.jpg,0
test_0289.jpg,0
test_0290.jpg,0
test_0291.jpg,3
test_0292.jpg,1
test_0293.jpg,3
test_0294.jpg,3
test_0295.jpg,0
test_0296.jpg,0
test_0297.jpg,3
test_0298.jpg,3
test_0299.jpg,1
test_0300.jpg,3
test_0301.jpg,0
test_0302.jpg,1
test_0303.jpg,0
test_0304.jpg,0
test_0305.jpg,3
test_0306.jpg,0
test_0307.jpg,3
test_0308.jpg,0
test_0309.jpg,0
test_0310.jpg,0
test_0311.jpg,1
test_0312.jpg,0
test_0313.jpg,1
test_0314.jpg,2
test_0315.jpg,2
test_0316.jpg,1
test_0317.jpg,3
test_0318.jpg,0
test_0319.jpg,1
test_0320.jpg,0
test_0321.jpg,0
test_0322.jpg,0
test_0323.jpg,2
test_0324.jpg,0
test_0325.jpg,0
test_0326.jpg,0
test_0327.jpg,3
test_0328.jpg,0
test_0329.jpg,0
test_0330.jpg,1
test_0331.jpg,2
test_0332.jpg,1
test_0333.jpg,1
test_0334.jpg,3
test_0335.jpg,1
test_0336.jpg,0
test_0337.jpg,1
test_0338.jpg,2
test_0339.jpg,0
test_0340.jpg,0
test_0341.jpg,3
test_0342.jpg,3
test_0343.jpg,3
test_0344.jpg,0
test_0345.jpg,1
test_0346.jpg,0
test_0347.jpg,0
test_0348.jpg,0
test_0349.jpg,0
test_0350.jpg,1
test_0351.jpg,3
test_0352.jpg,1
test_0353.jpg,2
test_0354.jpg,1
test_0355.jpg,0
test_0356.jpg,0
test_0357.jpg,1
test_0358.jpg,2
test_0359.jpg,2
test_0360.jpg,0
test_0361.jpg,1
test_0362.jpg,2
test_0363.jpg,0
test_0364.jpg,0
test_0365.jpg,3
test_0366.jpg,2
test_0367.jpg,0
test_0368.jpg,3
test_0369.jpg,1
test_0370.jpg,3
test_0371.jpg,0
test_0372.jpg,0
test_0373.jpg,0
test_0374.jpg,0
test_0375.jpg,0
test_0376.jpg,0
test_0377.jpg,0
test_0378.jpg,1
test_0379.jpg,0
test_0380.jpg,3
test_0381.jpg,3
test_0382.jpg,2
test_0383.jpg,1
test_0384.jpg,0
test_0385.jpg,0
test_0386.jpg,0
test_0387.jpg,0
test_0388.jpg,0
test_0389.jpg,0
test_0390.jpg,1
test_0391.jpg,0
test_0392.jpg,3
test_0393.jpg,0
test_0394.jpg,3
test_0395.jpg,1
test_0396.jpg,3
test_0397.jpg,0
test_0398.jpg,0
test_0399.jpg,2
test_0400.jpg,1
test_0401.jpg,3
test_0402.jpg,0
test_0403.jpg,0
test_0404.jpg,0
test_0405.jpg,2
test_0406.jpg,2
test_0407.jpg,0
test_0408.jpg,1
test_0409.jpg,2
test_0410.jpg,1
test_0411.jpg,3
test_0412.jpg,2
test_0413.jpg,1
test_0414.jpg,3
test_0415.jpg,0
test_0416.jpg,0
test_0417.jpg,1
test_0418.jpg,0
test_0419.jpg,1
test_0420.jpg,0
test_0421.jpg,2
test_0422.jpg,1
test_0423.jpg,0
test_0424.jpg,0
test_0425.jpg,1
test_0426.jpg,0
test_0427.jpg,3
test_0428.jpg,0
test_0429.jpg,1
test_0430.jpg,2
test_0431.jpg,0
test_0432.jpg,1
test_0433.jpg,1
test_0434.jpg,1
test_0435.jpg,3
test_0436.jpg,1
test_0437.jpg,0
test_0438.jpg,0
test_0439.jpg,0
test_0440.jpg,0
test_0441.jpg,0
test_0442.jpg,0
test_0443.jpg,3
test_0444.jpg,3
test_0445.jpg,3
test_0446.jpg,3
test_0447.jpg,0
test_0448.jpg,2
test_0449.jpg,0
test_0450.jpg,2
test_0451.jpg,2
test_0452.jpg,0
test_0453.jpg,0
test_0454.jpg,3
test_0455.jpg,2
test_0456.jpg,1
test_0457.jpg,0
test_0458.jpg,0
test_0459.jpg,1
test_0460.jpg,0
test_0461.jpg,0
test_0462.jpg,0
test_0463.jpg,1
test_0464.jpg,3
test_0465.jpg,0
test_0466.jpg,0
test_0467.jpg,0
test_0468.jpg,2
test_0469.jpg,0
test_0470.jpg,3
test_0471.jpg,0
test_0472.jpg,2
test_0473.jpg,1
test_0474.jpg,2
test_0475.jpg,0
test_0476.jpg,3
test_0477.jpg,1
test_0478.jpg,0
test_0479.jpg,0
test_0480.jpg,0
test_0481.jpg,0
test_0482.jpg,0
test_0483.jpg,3
test_0484.jpg,0
test_0485.jpg,2
test_0486.jpg,2
test_0487.jpg,1
test_0488.jpg,3
test_0489.jpg,3
test_0490.jpg,0
test_0491.jpg,3
test_0492.jpg,0
test_0493.jpg,2
test_0494.jpg,2
test_0495.jpg,0
test_0496.jpg,1
test_0497.jpg,0
test_0498.jpg,0
test_0499.jpg,1
test_0500.jpg,1
test_0501.jpg,3
test_0502.jpg,1
test_0503.jpg,1
test_0504.jpg,3
test_0505.jpg,0
test_0506.jpg,3
test_0507.jpg,0
test_0508.jpg,3
test_0509.jpg,1
test_0510.jpg,2
test_0511.jpg,0
test_0512.jpg,0
test_0513.jpg,0
test_0514.jpg,3
test_0515.jpg,0
test_0516.jpg,0
test_0517.jpg,3
test_0518.jpg,1
test_0519.jpg,2
test_0520.jpg,0
test_0521.jpg,0
test_0522.jpg,3
test_0523.jpg,0
test_0524.jpg,0
test_0525.jpg,3
test_0526.jpg,0
test_0527.jpg,0
test_0528.jpg,1
test_0529.jpg,0
test_0530.jpg,2
test_0531.jpg,2
test_0532.jpg,0
test_0533.jpg,0
test_0534.jpg,0
test_0535.jpg,3
test_0536.jpg,0
test_0537.jpg,1
test_0538.jpg,0
test_0539.jpg,1
test_0540.jpg,1
test_0541.jpg,1
test_0542.jpg,3
test_0543.jpg,0
test_0544.jpg,3
test_0545.jpg,2
test_0546.jpg,0
test_0547.jpg,0
test_0548.jpg,2
test_0549.jpg,3
test_0550.jpg,0
test_0551.jpg,3
test_0552.jpg,0
test_0553.jpg,2
test_0554.jpg,0
test_0555.jpg,2
test_0556.jpg,3
test_0557.jpg,0
test_0558.jpg,3
test_0559.jpg,0
test_0560.jpg,0
test_0561.jpg,0
test_0562.jpg,0
test_0563.jpg,3
test_0564.jpg,0
test_0565.jpg,1
test_0566.jpg,0
test_0567.jpg,2
test_0568.jpg,3
test_0569.jpg,0
test_0570.jpg,3
test_0571.jpg,2
test_0572.jpg,0
test_0573.jpg,3
test_0574.jpg,3
test_0575.jpg,0
test_0576.jpg,0
test_0577.jpg,2
test_0578.jpg,2
test_0579.jpg,2
test_0580.jpg,0
test_0581.jpg,0
test_0582.jpg,0
test_0583.jpg,0
test_0584.jpg,0
test_0585.jpg,2
test_0586.jpg,3
test_0587.jpg,3
test_0588.jpg,0
test_0589.jpg,2
test_0590.jpg,0
test_0591.jpg,3
test_0592.jpg,1
test_0593.jpg,1
test_0594.jpg,0
test_0595.jpg,3
test_0596.jpg,0
test_0597.jpg,2
test_0598.jpg,2
test_0599.jpg,2
test_0600.jpg,0
test_0601.jpg,1
test_0602.jpg,0
test_0603.jpg,0
test_0604.jpg,0
test_0605.jpg,2
test_0606.jpg,0
test_0607.jpg,1
test_0608.jpg,0
test_0609.jpg,1
test_0610.jpg,3
test_0611.jpg,3
test_0612.jpg,0
test_0613.jpg,3
test_0614.jpg,0
test_0615.jpg,3
test_0616.jpg,0
test_0617.jpg,3
test_0618.jpg,2
test_0619.jpg,2
test_0620.jpg,3
test_0621.jpg,3
test_0622.jpg,0
test_0623.jpg,0
test_0624.jpg,0
test_0625.jpg,3
test_0626.jpg,2
test_0627.jpg,3
test_0628.jpg,2
test_0629.jpg,1
test_0630.jpg,1
test_0631.jpg,2
test_0632.jpg,0
test_0633.jpg,3
test_0634.jpg,1
test_0635.jpg,0
test_0636.jpg,0
test_0637.jpg,0
test_0638.jpg,0
test_0639.jpg,1
test_0640.jpg,2
test_0641.jpg,0
test_0642.jpg,0
test_0643.jpg,2
test_0644.jpg,0
test_0645.jpg,0
test_0646.jpg,2
test_0647.jpg,2
test_0648.jpg,1
test_0649.jpg,2
test_0650.jpg,0
test_0651.jpg,0
test_0652.jpg,0
test_0653.jpg,0
test_0654.jpg,0
test_0655.jpg,3
test_0656.jpg,0
test_0657.jpg,0
test_0658.jpg,2
test_0659.jpg,3
test_0660.jpg,2
test_0661.jpg,3
test_0662.jpg,2
test_0663.jpg,3
test_0664.jpg,0
test_0665.jpg,0
test_0666.jpg,0
test_0667.jpg,1
test_0668.jpg,1
test_0669.jpg,0
test_0670.jpg,1
test_0671.jpg,3
test_0672.jpg,0
test_0673.jpg,0
test_0674.jpg,0
test_0675.jpg,3
test_0676.jpg,1
test_0677.jpg,0
test_0678.jpg,0
test_0679.jpg,2
test_0680.jpg,3
test_0681.jpg,2
test_0682.jpg,0
test_0683.jpg,0
test_0684.jpg,0
test_0685.jpg,3
test_0686.jpg,0
test_0687.jpg,0
test_0688.jpg,0
test_0689.jpg,0
test_0690.jpg,2
test_0691.jpg,1
test_0692.jpg,0
test_0693.jpg,0
test_0694.jpg,3
test_0695.jpg,3
test_0696.jpg,0
test_0697.jpg,3
test_0698.jpg,0
test_0699.jpg,3
test_0700.jpg,3
test_0701.jpg,0
test_0702.jpg,3
test_0703.jpg,3
test_0704.jpg,0
test_0705.jpg,0
test_0706.jpg,0
test_0707.jpg,0
test_0708.jpg,0
test_0709.jpg,0
test_0710.jpg,1
test_0711.jpg,1
test_0712.jpg,2
test_0713.jpg,0
test_0714.jpg,0
test_0715.jpg,0
test_0716.jpg,1
test_0717.jpg,3
test_0718.jpg,0
test_0719.jpg,1
test_0720.jpg,2
test_0721.jpg,2
test_0722.jpg,0
test_0723.jpg,2
test_0724.jpg,3
test_0725.jpg,2
test_0726.jpg,0
test_0727.jpg,3
test_0728.jpg,0
test_0729.jpg,0
test_0730.jpg,0
test_0731.jpg,0
test_0732.jpg,0
test_0733.jpg,0
test_0734.jpg,0
test_0735.jpg,1
test_0736.jpg,1
test_0737.jpg,0
test_0738.jpg,0
test_0739.jpg,3
test_0740.jpg,0
test_0741.jpg,3
test_0742.jpg,3
test_0743.jpg,3
test_0744.jpg,0
test_0745.jpg,0
test_0746.jpg,0
test_0747.jpg,0
test_0748.jpg,0
test_0749.jpg,3
test_0750.jpg,0
test_0751.jpg,0
test_0752.jpg,3
test_0753.jpg,0
test_0754.jpg,0
test_0755.jpg,3
test_0756.jpg,1
test_0757.jpg,0
test_0758.jpg,0
test_0759.jpg,0
test_0760.jpg,3
test_0761.jpg,0
test_0762.jpg,0
test_0763.jpg,0
test_0764.jpg,0
test_0765.jpg,3
test_0766.jpg,0
test_0767.jpg,0
test_0768.jpg,2
test_0769.jpg,2
test_0770.jpg,3
test_0771.jpg,1
test_0772.jpg,2
test_0773.jpg,3
test_0774.jpg,2
test_0775.jpg,2
test_0776.jpg,0
test_0777.jpg,1
test_0778.jpg,2
test_0779.jpg,1
test_0780.jpg,0
test_0781.jpg,0
test_0782.jpg,2
test_0783.jpg,2
test_0784.jpg,2
test_0785.jpg,1
test_0786.jpg,0
test_0787.jpg,1
test_0788.jpg,0
test_0789.jpg,3
test_0790.jpg,3
test_0791.jpg,3
test_0792.jpg,0
test_0793.jpg,0
test_0794.jpg,0
test_0795.jpg,3
test_0796.jpg,3
test_0797.jpg,0
test_0798.jpg,1
test_0799.jpg,0
test_0800.jpg,0
test_0801.jpg,0
test_0802.jpg,0
test_0803.jpg,0
test_0804.jpg,0
test_0805.jpg,0
test_0806.jpg,0
test_0807.jpg,0
test_0808.jpg,1
test_0809.jpg,1
test_0810.jpg,3
test_0811.jpg,0
test_0812.jpg,2
test_0813.jpg,0
test_0814.jpg,0
test_0815.jpg,0
test_0816.jpg,0
test_0817.jpg,1
test_0818.jpg,0
test_0819.jpg,3
test_0820.jpg,3
test_0821.jpg,1
test_0822.jpg,2
test_0823.jpg,0
test_0824.jpg,1
test_0825.jpg,0
test_0826.jpg,0
test_0827.jpg,2
test_0828.jpg,3
test_0829.jpg,2
test_0830.jpg,3
test_0831.jpg,1
test_0832.jpg,0
test_0833.jpg,1
test_0834.jpg,0
test_0835.jpg,0
test_0836.jpg,3
test_0837.jpg,2
test_0838.jpg,3
test_0839.jpg,3
test_0840.jpg,0
test_0841.jpg,3
test_0842.jpg,0
test_0843.jpg,0
test_0844.jpg,0
test_0845.jpg,0
test_0846.jpg,0
test_0847.jpg,2
test_0848.jpg,1
test_0849.jpg,0
test_0850.jpg,0
test_0851.jpg,3
test_0852.jpg,0
test_0853.jpg,0
test_0854.jpg,0
test_0855.jpg,2
test_0856.jpg,2
test_0857.jpg,2
test_0858.jpg,0
test_0859.jpg,2
test_0860.jpg,0
test_0861.jpg,0
test_0862.jpg,0
test_0863.jpg,3
test_0864.jpg,0
test_0865.jpg,0
test_0866.jpg,3
test_0867.jpg,2
test_0868.jpg,1
test_0869.jpg,2
test_0870.jpg,0
test_0871.jpg,3
test_0872.jpg,1
test_0873.jpg,3
test_0874.jpg,1
test_0875.jpg,2
test_0876.jpg,3
test_0877.jpg,0
test_0878.jpg,0
test_0879.jpg,0
test_0880.jpg,1
test_0881.jpg,2
test_0882.jpg,2
test_0883.jpg,0
test_0884.jpg,3
test_0885.jpg,0
test_0886.jpg,0
test_0887.jpg,1
test_0888.jpg,2
test_0889.jpg,1
test_0890.jpg,1
test_0891.jpg,2
test_0892.jpg,3
test_0893.jpg,2
test_0894.jpg,1
test_0895.jpg,1
test_0896.jpg,2
test_0897.jpg,0
test_0898.jpg,3
test_0899.jpg,2
test_0900.jpg,0
test_0901.jpg,2
test_0902.jpg,3
test_0903.jpg,0
test_0904.jpg,3
test_0905.jpg,0
test_0906.jpg,2
test_0907.jpg,3
test_0908.jpg,1
test_0909.jpg,2
test_0910.jpg,0
test_0911.jpg,2
test_0912.jpg,3
test_0913.jpg,2
test_0914.jpg,0
test_0915.jpg,3
test_0916.jpg,3
test_0917.jpg,0
test_0918.jpg,2
test_0919.jpg,0
test_0920.jpg,0
test_0921.jpg,3
test_0922.jpg,0
test_0923.jpg,3
test_0924.jpg,1
test_0925.jpg,0
test_0926.jpg,2
test_0927.jpg,0
test_0928.jpg,3
test_0929.jpg,2
test_0930.jpg,0
test_0931.jpg,0
test_0932.jpg,2
test_0933.jpg,3
test_0934.jpg,0
test_0935.jpg,1
test_0936.jpg,0
test_0937.jpg,0
test_0938.jpg,0
test_0939.jpg,2
test_0940.jpg,0
test_0941.jpg,0
test_0942.jpg,2
test_0943.jpg,0
test_0944.jpg,0
test_0945.jpg,2
test_0946.jpg,3
test_0947.jpg,2
test_0948.jpg,0
test_0949.jpg,3
test_0950.jpg,0
test_0951.jpg,0
test_0952.jpg,0
test_0953.jpg,3
test_0954.jpg,2
test_0955.jpg,3
test_0956.jpg,1
test_0957.jpg,2
test_0958.jpg,2
test_0959.jpg,3
test_0960.jpg,0
test_0961.jpg,3
test_0962.jpg,1
test_0963.jpg,0
test_0964.jpg,2
test_0965.jpg,0
test_0966.jpg,1
test_0967.jpg,1
test_0968.jpg,3
test_0969.jpg,3
test_0970.jpg,0
test_0971.jpg,0
test_0972.jpg,1
test_0973.jpg,0
test_0974.jpg,0
test_0975.jpg,0
test_0976.jpg,0
test_0977.jpg,2
test_0978.jpg,0
test_0979.jpg,0
test_0980.jpg,2
test_0981.jpg,2
test_0982.jpg,0
test_0983.jpg,0
test_0984.jpg,1
test_0985.jpg,2
test_0986.jpg,1
test_0987.jpg,1
test_0988.jpg,1
test_0989.jpg,2
test_0990.jpg,1
test_0991.jpg,3
test_0992.jpg,0
test_0993.jpg,0
test_0994.jpg,3
test_0995.jpg,2
test_0996.jpg,3
test_0997.jpg,1
test_0998.jpg,3
test_0999.jpg,0
test_1000.jpg,1
test_1001.jpg,3
test_1002.jpg,2
test_1003.jpg,0
test_1004.jpg,0
test_1005.jpg,2
test_1006.jpg,3
test_1007.jpg,2
test_1008.jpg,1
test_1009.jpg,0
test_1010.jpg,3
test_1011.jpg,2
test_1012.jpg,0
test_1013.jpg,0
test_1014.jpg,0
test_1015.jpg,0
test_1016.jpg,0
test_1017.jpg,0
test_1018.jpg,1
test_1019.jpg,3
test_1020.jpg,0
test_1021.jpg,0
test_1022.jpg,2
test_1023.jpg,3
test_1024.jpg,0
test_1025.jpg,3
test_1026.jpg,3
test_1027.jpg,3
test_1028.jpg,0
test_1029.jpg,0
test_1030.jpg,0
test_1031.jpg,3
test_1032.jpg,3
test_1033.jpg,3
test_1034.jpg,3
test_1035.jpg,0
test_1036.jpg,2
test_1037.jpg,2
test_1038.jpg,0
test_1039.jpg,3
test_1040.jpg,2
test_1041.jpg,0
test_1042.jpg,1
test_1043.jpg,3
test_1044.jpg,3
test_1045.jpg,0
test_1046.jpg,1
test_1047.jpg,1
test_1048.jpg,1
test_1049.jpg,1
test_1050.jpg,1
test_1051.jpg,3
test_1052.jpg,0
test_1053.jpg,2
test_1054.jpg,0
test_1055.jpg,0
test_1056.jpg,0
test_1057.jpg,0
test_1058.jpg,1
test_1059.jpg,0
test_1060.jpg,2
test_1061.jpg,0
test_1062.jpg,1
test_1063.jpg,3
test_1064.jpg,3
test_1065.jpg,0
test_1066.jpg,0
test_1067.jpg,0
test_1068.jpg,3
test_1069.jpg,3
test_1070.jpg,3
test_1071.jpg,0
test_1072.jpg,2
test_1073.jpg,0
test_1074.jpg,2
test_1075.jpg,3
test_1076.jpg,3
test_1077.jpg,1
test_1078.jpg,2
test_1079.jpg,3
test_1080.jpg,3
test_1081.jpg,1
test_1082.jpg,0
test_1083.jpg,0
test_1084.jpg,0
test_1085.jpg,2
test_1086.jpg,1
test_1087.jpg,3
test_1088.jpg,1
test_1089.jpg,0
test_1090.jpg,0
test_1091.jpg,0
test_1092.jpg,2
test_1093.jpg,2
test_1094.jpg,0
test_1095.jpg,2
test_1096.jpg,0
test_1097.jpg,3
test_1098.jpg,0
test_1099.jpg,3
test_1100.jpg,2
test_1101.jpg,1
test_1102.jpg,0
test_1103.jpg,3
test_1104.jpg,3
test_1105.jpg,1
test_1106.jpg,2
test_1107.jpg,0
test_1108.jpg,0
test_1109.jpg,2
test_1110.jpg,3
test_1111.jpg,0
test_1112.jpg,1
test_1113.jpg,0
test_1114.jpg,1
test_1115.jpg,0
test_1116.jpg,1
test_1117.jpg,1
test_1118.jpg,2
test_1119.jpg,0
test_1120.jpg,0
test_1121.jpg,0
test_1122.jpg,0
test_1123.jpg,0
test_1124.jpg,0
test_1125.jpg,3
test_1126.jpg,2
test_1127.jpg,1
test_1128.jpg,1
test_1129.jpg,2
test_1130.jpg,0
test_1131.jpg,0
test_1132.jpg,1
test_1133.jpg,3
test_1134.jpg,0
test_1135.jpg,2
test_1136.jpg,3
test_1137.jpg,2
test_1138.jpg,1
test_1139.jpg,0
test_1140.jpg,0
test_1141.jpg,0
test_1142.jpg,0
test_1143.jpg,0
test_1144.jpg,3
test_1145.jpg,0
test_1146.jpg,3
test_1147.jpg,3
test_1148.jpg,3
test_1149.jpg,1
test_1150.jpg,0
test_1151.jpg,0
test_1152.jpg,2
test_1153.jpg,0
test_1154.jpg,2
test_1155.jpg,0
test_1156.jpg,0
test_1157.jpg,2
test_1158.jpg,3
test_1159.jpg,0
test_1160.jpg,0
test_1161.jpg,3
test_1162.jpg,3
test_1163.jpg,2
test_1164.jpg,2
test_1165.jpg,0
test_1166.jpg,2
test_1167.jpg,1
test_1168.jpg,1
test_1169.jpg,3
test_1170.jpg,2
test_1171.jpg,0
test_1172.jpg,1
test_1173.jpg,0
test_1174.jpg,2
test_1175.jpg,0
test_1176.jpg,3
test_1177.jpg,2
test_1178.jpg,0
test_1179.jpg,0
test_1180.jpg,1
test_1181.jpg,0
test_1182.jpg,1
test_1183.jpg,0
test_1184.jpg,3
test_1185.jpg,0
test_1186.jpg,1
test_1187.jpg,3
test_1188.jpg,0
test_1189.jpg,3
test_1190.jpg,1
test_1191.jpg,0
test_1192.jpg,1
test_1193.jpg,1
test_1194.jpg,0
test_1195.jpg,0
test_1196.jpg,0
test_1197.jpg,0
test_1198.jpg,0
test_1199.jpg,3
test_1200.jpg,3
test_1201.jpg,0
test_1202.jpg,0
test_1203.jpg,2
test_1204.jpg,3
test_1205.jpg,2
test_1206.jpg,3
test_1207.jpg,1
test_1208.jpg,2
test_1209.jpg,0
test_1210.jpg,3
test_1211.jpg,2
test_1212.jpg,0
test_1213.jpg,0
test_1214.jpg,2
test_1215.jpg,0
test_1216.jpg,0
test_1217.jpg,3
test_1218.jpg,0
test_1219.jpg,2
test_1220.jpg,0
test_1221.jpg,0
test_1222.jpg,0
test_1223.jpg,1
test_1224.jpg,0
test_1225.jpg,0
test_1226.jpg,3
test_1227.jpg,0
test_1228.jpg,1
test_1229.jpg,0
test_1230.jpg,0
test_1231.jpg,3
test_1232.jpg,2
test_1233.jpg,2
test_1234.jpg,2
test_1235.jpg,2
test_1236.jpg,0
test_1237.jpg,0
test_1238.jpg,0
test_1239.jpg,1
test_1240.jpg,1
test_1241.jpg,0
test_1242.jpg,3
test_1243.jpg,0
test_1244.jpg,1
test_1245.jpg,0
test_1246.jpg,0
test_1247.jpg,2
test_1248.jpg,0
test_1249.jpg,1
test_1250.jpg,0
test_1251.jpg,1
test_1252.jpg,0
test_1253.jpg,3
test_1254.jpg,1
test_1255.jpg,1
test_1256.jpg,0
test_1257.jpg,0
test_1258.jpg,0
test_1259.jpg,3
test_1260.jpg,2
test_1261.jpg,0
test_1262.jpg,3
test_1263.jpg,1
test_1264.jpg,0
test_1265.jpg,3
test_1266.jpg,1
test_1267.jpg,0
test_1268.jpg,0
test_1269.jpg,0
test_1270.jpg,1
test_1271.jpg,1
test_1272.jpg,0
test_1273.jpg,0
test_1274.jpg,0
test_1275.jpg,0
test_1276.jpg,0
test_1277.jpg,1
test_1278.jpg,3
test_1279.jpg,0
test_1280.jpg,0
test_1281.jpg,3
test_1282.jpg,2
test_1283.jpg,0
test_1284.jpg,0
test_1285.jpg,1
test_1286.jpg,0
test_1287.jpg,1
test_1288.jpg,0
test_1289.jpg,0
test_1290.jpg,2
test_1291.jpg,0
test_1292.jpg,2
test_1293.jpg,3
test_1294.jpg,0
test_1295.jpg,3
test_1296.jpg,2
test_1297.jpg,2
test_1298.jpg,0
test_1299.jpg,1
test_1300.jpg,0
test_1301.jpg,2
test_1302.jpg,3
test_1303.jpg,0
test_1304.jpg,2
test_1305.jpg,0
test_1306.jpg,0
test_1307.jpg,0
test_1308.jpg,0
test_1309.jpg,0
test_1310.jpg,1
test_1311.jpg,0
test_1312.jpg,0
test_1313.jpg,0
test_1314.jpg,2
test_1315.jpg,3
test_1316.jpg,0
test_1317.jpg,3
test_1318.jpg,3
test_1319.jpg,1
test_1320.jpg,3
test_1321.jpg,2
test_1322.jpg,0
test_1323.jpg,3
test_1324.jpg,0
test_1325.jpg,0
test_1326.jpg,0
test_1327.jpg,3
test_1328.jpg,0
test_1329.jpg,0
test_1330.jpg,0
test_1331.jpg,0
test_1332.jpg,2
test_1333.jpg,3
test_1334.jpg,0
test_1335.jpg,3
test_1336.jpg,0
test_1337.jpg,0
test_1338.jpg,3
test_1339.jpg,0
test_1340.jpg,0
test_1341.jpg,2
test_1342.jpg,0
test_1343.jpg,3
test_1344.jpg,0
test_1345.jpg,0
test_1346.jpg,1
test_1347.jpg,3
test_1348.jpg,0
test_1349.jpg,0
test_1350.jpg,2
test_1351.jpg,3
test_1352.jpg,3
test_1353.jpg,0
test_1354.jpg,2
test_1355.jpg,3
test_1356.jpg,0
test_1357.jpg,3
test_1358.jpg,1
test_1359.jpg,3
test_1360.jpg,2
test_1361.jpg,0
test_1362.jpg,0
test_1363.jpg,3
test_1364.jpg,0
test_1365.jpg,3
test_1366.jpg,1
test_1367.jpg,0
test_1368.jpg,3
test_1369.jpg,1
test_1370.jpg,0
test_1371.jpg,0
test_1372.jpg,2
test_1373.jpg,0
test_1374.jpg,1
test_1375.jpg,0
test_1376.jpg,0
test_1377.jpg,3
test_1378.jpg,0
test_1379.jpg,2
test_1380.jpg,0
test_1381.jpg,3
test_1382.jpg,1
test_1383.jpg,2
test_1384.jpg,0
test_1385.jpg,3
test_1386.jpg,0
test_1387.jpg,0
test_1388.jpg,1
test_1389.jpg,3
test_1390.jpg,0
test_1391.jpg,0
test_1392.jpg,2
test_1393.jpg,0
test_1394.jpg,3
test_1395.jpg,3
test_1396.jpg,0
test_1397.jpg,0
test_1398.jpg,2
test_1399.jpg,2
test_1400.jpg,3
test_1401.jpg,2
test_1402.jpg,0
test_1403.jpg,0
test_1404.jpg,2
test_1405.jpg,0
test_1406.jpg,2
test_1407.jpg,0
test_1408.jpg,2
test_1409.jpg,2
test_1410.jpg,1
test_1411.jpg,0
test_1412.jpg,2
test_1413.jpg,0
test_1414.jpg,3
test_1415.jpg,3
test_1416.jpg,2
test_1417.jpg,0
test_1418.jpg,0
test_1419.jpg,0
test_1420.jpg,1
test_1421.jpg,0
test_1422.jpg,0
test_1423.jpg,1
test_1424.jpg,3
test_1425.jpg,3
test_1426.jpg,0
test_1427.jpg,0
test_1428.jpg,0
test_1429.jpg,2
test_1430.jpg,0
test_1431.jpg,0
test_1432.jpg,1
test_1433.jpg,3
test_1434.jpg,0
test_1435.jpg,0
test_1436.jpg,0
test_1437.jpg,3
test_1438.jpg,2
test_1439.jpg,1
test_1440.jpg,3
test_1441.jpg,0
test_1442.jpg,2
test_1443.jpg,3
test_1444.jpg,0
test_1445.jpg,3
test_1446.jpg,2
test_1447.jpg,0
test_1448.jpg,2
test_1449.jpg,3
test_1450.jpg,2
test_1451.jpg,1
test_1452.jpg,3
test_1453.jpg,0
test_1454.jpg,3
test_1455.jpg,0
test_1456.jpg,0
test_1457.jpg,1
test_1458.jpg,3
test_1459.jpg,0
test_1460.jpg,0
test_1461.jpg,0
test_1462.jpg,3
test_1463.jpg,3
test_1464.jpg,0
test_1465.jpg,0
test_1466.jpg,0
test_1467.jpg,3
test_1468.jpg,0
test_1469.jpg,1
test_1470.jpg,0
test_1471.jpg,0
test_1472.jpg,3
test_1473.jpg,2
test_1474.jpg,0
test_1475.jpg,1
test_1476.jpg,0
test_1477.jpg,0
test_1478.jpg,1
test_1479.jpg,2
test_1480.jpg,0
test_1481.jpg,1
test_1482.jpg,3
test_1483.jpg,0
test_1484.jpg,0
test_1485.jpg,3
test_1486.jpg,0
test_1487.jpg,2
test_1488.jpg,2
test_1489.jpg,0
test_1490.jpg,1
test_1491.jpg,0
test_1492.jpg,0
test_1493.jpg,0
test_1494.jpg,0
test_1495.jpg,0
test_1496.jpg,3
test_1497.jpg,0
test_1498.jpg,0
test_1499.jpg,2
test_1500.jpg,2
test_1501.jpg,3
test_1502.jpg,1
test_1503.jpg,2
test_1504.jpg,3
test_1505.jpg,3
test_1506.jpg,3
test_1507.jpg,1
test_1508.jpg,0
test_1509.jpg,0
test_1510.jpg,0
test_1511.jpg,0
test_1512.jpg,3
test_1513.jpg,0
test_1514.jpg,3
test_1515.jpg,3
test_1516.jpg,0
test_1517.jpg,3
test_1518.jpg,3
test_1519.jpg,1
test_1520.jpg,3
test_1521.jpg,0
test_1522.jpg,1
test_1523.jpg,0
test_1524.jpg,0
test_1525.jpg,0
test_1526.jpg,3
test_1527.jpg,1
test_1528.jpg,0
test_1529.jpg,0
test_1530.jpg,0
test_1531.jpg,0
test_1532.jpg,1
test_1533.jpg,3
test_1534.jpg,2
test_1535.jpg,3
test_1536.jpg,2
test_1537.jpg,0
test_1538.jpg,1
test_1539.jpg,3
test_1540.jpg,0
test_1541.jpg,0
test_1542.jpg,0
test_1543.jpg,0
test_1544.jpg,0
test_1545.jpg,2
test_1546.jpg,3
test_1547.jpg,0
test_1548.jpg,0
test_1549.jpg,3
test_1550.jpg,0
test_1551.jpg,3
test_1552.jpg,0
test_1553.jpg,3
test_1554.jpg,0
test_1555.jpg,3
test_1556.jpg,1
test_1557.jpg,0
test_1558.jpg,0
test_1559.jpg,0
test_1560.jpg,2
test_1561.jpg,2
test_1562.jpg,3
test_1563.jpg,0
test_1564.jpg,0
test_1565.jpg,0
test_1566.jpg,1
test_1567.jpg,0
test_1568.jpg,1
test_1569.jpg,0
test_1570.jpg,2
test_1571.jpg,0
test_1572.jpg,2
test_1573.jpg,0
test_1574.jpg,0
test_1575.jpg,0
test_1576.jpg,0
test_1577.jpg,2
test_1578.jpg,0
test_1579.jpg,1
test_1580.jpg,0
test_1581.jpg,0
test_1582.jpg,2
test_1583.jpg,0
test_1584.jpg,0
test_1585.jpg,2
test_1586.jpg,0
test_1587.jpg,1
test_1588.jpg,2
test_1589.jpg,0
test_1590.jpg,0
test_1591.jpg,3
test_1592.jpg,3
test_1593.jpg,3
test_1594.jpg,1
test_1595.jpg,0
test_1596.jpg,0
test_1597.jpg,0
test_1598.jpg,1
test_1599.jpg,1
test_1600.jpg,0
test_1601.jpg,3
test_1602.jpg,0
test_1603.jpg,0
test_1604.jpg,3
test_1605.jpg,1
test_1606.jpg,2
test_1607.jpg,1
test_1608.jpg,3
test_1609.jpg,0
test_1610.jpg,3
test_1611.jpg,0
test_1612.jpg,0
test_1613.jpg,0
test_1614.jpg,2
test_1615.jpg,1
test_1616.jpg,1
test_1617.jpg,2
test_1618.jpg,0
test_1619.jpg,1
test_1620.jpg,0
test_1621.jpg,2
test_1622.jpg,3
test_1623.jpg,1
test_1624.jpg,0
test_1625.jpg,2
test_1626.jpg,3
test_1627.jpg,1
test_1628.jpg,2
test_1629.jpg,0
test_1630.jpg,3
test_1631.jpg,2
test_1632.jpg,0
test_1633.jpg,0
test_1634.jpg,0
test_1635.jpg,2
test_1636.jpg,0
test_1637.jpg,3
test_1638.jpg,2
test_1639.jpg,2
test_1640.jpg,0
test_1641.jpg,0
test_1642.jpg,1
test_1643.jpg,0
test_1644.jpg,2
test_1645.jpg,0
test_1646.jpg,1
test_1647.jpg,0
test_1648.jpg,1
test_1649.jpg,0
test_1650.jpg,0
